{"cameraMode":{"drawMode":0,"name":"Shaded","section":"Shading Mode"},"sceneLighting":true,"audioPlay":false,"sceneViewState":{"m_AlwaysRefresh":false,"showFog":false,"showSkybox":true,"showFlares":true,"showImageEffects":true,"showParticleSystems":true,"showVisualEffectGraphs":true,"m_FxEnabled":true},"in2DMode":false,"pivot":{"x":158.2757568359375,"y":19.304664611816408,"z":194.18226623535157},"rotation":{"x":-0.13736599683761598,"y":-0.025887643918395044,"z":-0.01037397887557745,"w":-0.990976095199585},"size":3.4550631046295168,"orthographic":false}