{"cameraMode":{"drawMode":0,"name":"Shaded","section":"Shading Mode"},"sceneLighting":true,"audioPlay":false,"sceneViewState":{"m_AlwaysRefresh":false,"showFog":false,"showSkybox":true,"showFlares":true,"showImageEffects":true,"showParticleSystems":true,"showVisualEffectGraphs":true,"m_FxEnabled":true},"in2DMode":false,"pivot":{"x":119.37714385986328,"y":18.391386032104493,"z":198.33590698242188},"rotation":{"x":-0.1508115828037262,"y":-0.5534446239471436,"z":0.08494829386472702,"w":-0.8147043585777283},"size":13.607165336608887,"orthographic":false}