{"cameraMode":{"drawMode":0,"name":"Shaded","section":"Shading Mode"},"sceneLighting":false,"audioPlay":false,"sceneViewState":{"m_AlwaysRefresh":false,"showFog":false,"showSkybox":false,"showFlares":true,"showImageEffects":true,"showParticleSystems":true,"showVisualEffectGraphs":true,"m_FxEnabled":true},"in2DMode":false,"pivot":{"x":-4.800992012023926,"y":1.2464532852172852,"z":0.13618740439414979},"rotation":{"x":-0.12342596054077149,"y":0.6976965069770813,"z":-0.12394622713327408,"w":-0.6948155760765076},"size":5.3321685791015629,"orthographic":false}