{"cameraMode":{"drawMode":0,"name":"Shaded","section":"Shading Mode"},"sceneLighting":true,"audioPlay":false,"sceneViewState":{"m_AlwaysRefresh":false,"showFog":false,"showSkybox":true,"showFlares":true,"showImageEffects":true,"showParticleSystems":true,"showVisualEffectGraphs":true,"m_FxEnabled":true},"in2DMode":false,"pivot":{"x":-2.0388574600219728,"y":-6.239842414855957,"z":17.224178314208986},"rotation":{"x":-0.1835280954837799,"y":0.04922298714518547,"z":-0.009201036766171456,"w":-0.9817378520965576},"size":14.283737182617188,"orthographic":false}