{"cameraMode":{"drawMode":0,"name":"Shaded","section":"Shading Mode"},"sceneLighting":false,"audioPlay":false,"sceneViewState":{"m_AlwaysRefresh":false,"showFog":false,"showSkybox":false,"showFlares":true,"showImageEffects":true,"showParticleSystems":true,"showVisualEffectGraphs":true,"m_FxEnabled":true},"in2DMode":false,"pivot":{"x":-0.9030900001525879,"y":-1.2963052988052369,"z":0.3666214942932129},"rotation":{"x":-0.033940985798835757,"y":0.9150632619857788,"z":-0.07870451360940933,"w":-0.3942669630050659},"size":3.950641393661499,"orthographic":false}