{"cameraMode":{"drawMode":0,"name":"Shaded","section":"Shading Mode"},"sceneLighting":false,"audioPlay":false,"sceneViewState":{"m_AlwaysRefresh":false,"showFog":false,"showSkybox":false,"showFlares":true,"showImageEffects":true,"showParticleSystems":true,"showVisualEffectGraphs":true,"m_FxEnabled":true},"in2DMode":false,"pivot":{"x":-2.6671838760375978,"y":1.5291048288345338,"z":0.5287275314331055},"rotation":{"x":-0.07653521001338959,"y":0.41584399342536929,"z":-0.03513989597558975,"w":-0.9056081771850586},"size":3.6035969257354738,"orthographic":false}