{"cameraMode":{"drawMode":0,"name":"Shaded","section":"Shading Mode"},"sceneLighting":false,"audioPlay":false,"sceneViewState":{"m_AlwaysRefresh":false,"showFog":false,"showSkybox":false,"showFlares":true,"showImageEffects":true,"showParticleSystems":true,"showVisualEffectGraphs":true,"m_FxEnabled":true},"in2DMode":false,"pivot":{"x":-3.117068290710449,"y":2.827655792236328,"z":0.12404370307922363},"rotation":{"x":0.018157048150897027,"y":0.8118905425071716,"z":0.025355776771903039,"w":-0.5830913782119751},"size":4.071438312530518,"orthographic":false}