{"cameraMode":{"drawMode":0,"name":"Shaded","section":"Shading Mode"},"sceneLighting":false,"audioPlay":false,"sceneViewState":{"m_AlwaysRefresh":false,"showFog":false,"showSkybox":false,"showFlares":true,"showImageEffects":true,"showParticleSystems":true,"showVisualEffectGraphs":true,"m_FxEnabled":true},"in2DMode":false,"pivot":{"x":-0.5177311897277832,"y":3.688732862472534,"z":9.675346374511719},"rotation":{"x":0.06925724446773529,"y":-0.008350716903805733,"z":0.0006400911952368915,"w":0.9976400136947632},"size":7.882807731628418,"orthographic":false}