{"cameraMode":{"drawMode":0,"name":"Shaded","section":"Shading Mode"},"sceneLighting":false,"audioPlay":false,"sceneViewState":{"m_AlwaysRefresh":false,"showFog":false,"showSkybox":false,"showFlares":true,"showImageEffects":true,"showParticleSystems":true,"showVisualEffectGraphs":true,"m_FxEnabled":true},"in2DMode":false,"pivot":{"x":-2.695000648498535,"y":-0.07114028930664063,"z":0.7144119739532471},"rotation":{"x":-0.2333928793668747,"y":-0.045224834233522418,"z":0.01089482195675373,"w":-0.9713385105133057},"size":2.1272850036621095,"orthographic":false}