{"cameraMode":{"drawMode":0,"name":"Shaded","section":"Shading Mode"},"sceneLighting":false,"audioPlay":false,"sceneViewState":{"m_AlwaysRefresh":false,"showFog":false,"showSkybox":false,"showFlares":true,"showImageEffects":true,"showParticleSystems":true,"showVisualEffectGraphs":true,"m_FxEnabled":true},"in2DMode":false,"pivot":{"x":-0.041031718254089358,"y":-0.04789566993713379,"z":0.08643507957458496},"rotation":{"x":-0.09133439511060715,"y":0.8347827196121216,"z":-0.14570307731628419,"w":-0.5231637358665466},"size":2.7658135890960695,"orthographic":false}